"OBJECTID","county_name","year","import_ratio"
1,"Lyon",2001,5.04473684210526
1,"Lyon",2002,4.85233160621762
1,"Lyon",2003,4.52567237163814
1,"Lyon",2004,4.37352245862884
1,"Lyon",2005,4.2013422818792
1,"Lyon",2006,4.21939953810624
1,"Lyon",2007,4.24193548387097
1,"Lyon",2008,3.81704781704782
1,"Lyon",2009,3.63300970873786
1,"Lyon",2010,3.49380530973451
1,"Lyon",2011,3.47431506849315
1,"Lyon",2012,3.52249134948097
1,"Lyon",2013,3.55941499085923
1,"Lyon",2014,3.65871559633028
1,"Lyon",2015,3.70304114490161
1,"Lyon",2016,3.92015209125475
1,"Lyon",2017,3.95348837209302
1,"Lyon",2018,3.23899371069182
1,"Lyon",2019,3.28365384615385
1,"Lyon",2020,3.26699029126214
1,"Lyon",2021,3.45959595959596
1,"Lyon",2022,3.26224328593997
2,"Osceola",2001,5.16483516483517
2,"Osceola",2002,4.75126903553299
2,"Osceola",2003,4.73056994818653
2,"Osceola",2004,4.05022831050228
2,"Osceola",2005,3.57438016528926
2,"Osceola",2006,3.63070539419087
2,"Osceola",2007,3.52208835341365
2,"Osceola",2008,3.79475982532751
2,"Osceola",2009,3.25910931174089
2,"Osceola",2010,3.02205882352941
2,"Osceola",2011,2.94795539033457
2,"Osceola",2012,2.45619335347432
2,"Osceola",2013,2.26686217008798
2,"Osceola",2014,2.45110410094637
2,"Osceola",2015,2.53135313531353
2,"Osceola",2016,2.38629283489097
2,"Osceola",2017,2.16480446927374
2,"Osceola",2018,2.17528735632184
2,"Osceola",2019,2.07670454545455
2,"Osceola",2020,2.00842696629213
2,"Osceola",2021,1.94929577464789
2,"Osceola",2022,1.9796511627907
3,"Dickinson",2001,5.12144212523719
3,"Dickinson",2002,5.16441005802708
3,"Dickinson",2003,5.33333333333333
3,"Dickinson",2004,2.40105078809107
3,"Dickinson",2005,2.28267973856209
3,"Dickinson",2006,4.20157480314961
3,"Dickinson",2007,3.98507462686567
3,"Dickinson",2008,3.75177304964539
3,"Dickinson",2009,1.91027308192458
3,"Dickinson",2010,1.87535410764873
3,"Dickinson",2011,1.87623066104079
3,"Dickinson",2012,0.4765625
3,"Dickinson",2013,1.69333333333333
3,"Dickinson",2014,3.1660329531052
3,"Dickinson",2015,3.43513513513514
3,"Dickinson",2016,3.37816245006658
3,"Dickinson",2017,3.31038961038961
3,"Dickinson",2018,2.920724801812
3,"Dickinson",2019,2.78144989339019
3,"Dickinson",2020,3.35018963337547
3,"Dickinson",2021,3.51128818061089
3,"Dickinson",2022,3.09873708381171
4,"Emmet",2001,3.05236486486486
4,"Emmet",2002,2.77635782747604
4,"Emmet",2003,2.53216374269006
4,"Emmet",2004,0.625954198473282
4,"Emmet",2005,0.611275964391691
4,"Emmet",2006,2.48132183908046
4,"Emmet",2007,2.56914119359534
4,"Emmet",2008,2.42998585572843
4,"Emmet",2009,0.427461139896373
4,"Emmet",2010,0.46013986013986
4,"Emmet",2011,0.446979865771812
4,"Emmet",2012,0.302739726027397
4,"Emmet",2013,0.319880418535127
4,"Emmet",2014,2.22151088348271
4,"Emmet",2015,2.21475625823452
4,"Emmet",2016,2.17051282051282
4,"Emmet",2017,2.10567010309278
4,"Emmet",2018,1.94665012406948
4,"Emmet",2019,2.02072538860104
4,"Emmet",2020,1.83516483516484
4,"Emmet",2021,1.95306388526728
4,"Emmet",2022,1.90275952693824
5,"Allamakee",2001,3.39507772020725
5,"Allamakee",2002,3.02237926972909
5,"Allamakee",2003,2.91389207807118
5,"Allamakee",2004,1.08668076109937
5,"Allamakee",2005,1.04875518672199
5,"Allamakee",2006,2.5807150595883
5,"Allamakee",2007,2.38485158648925
5,"Allamakee",2008,2.32248219735504
5,"Allamakee",2009,0.923502304147465
5,"Allamakee",2010,0.877350044762757
5,"Allamakee",2011,0.844559585492228
5,"Allamakee",2012,0.809290953545232
5,"Allamakee",2013,0.81074578989575
5,"Allamakee",2014,1.54730713245997
5,"Allamakee",2015,1.70583533173461
5,"Allamakee",2016,1.86625874125874
5,"Allamakee",2017,1.87599645704163
5,"Allamakee",2018,1.63129357087529
5,"Allamakee",2019,1.60587792012057
5,"Allamakee",2020,1.58819018404908
5,"Allamakee",2021,1.951171875
5,"Allamakee",2022,1.90316573556797
6,"Kossuth",2001,3.72435897435897
6,"Kossuth",2002,3.3978978978979
6,"Kossuth",2003,2.99318801089918
6,"Kossuth",2004,1.12569832402235
6,"Kossuth",2005,1.06983240223464
6,"Kossuth",2006,3.13302034428795
6,"Kossuth",2007,3.02286585365854
6,"Kossuth",2008,2.98502994011976
6,"Kossuth",2009,0.866666666666667
6,"Kossuth",2010,0.859375
6,"Kossuth",2011,0.754889178617992
6,"Kossuth",2012,0.812274368231047
6,"Kossuth",2013,0.730458221024259
6,"Kossuth",2014,2.57534246575342
6,"Kossuth",2015,2.56058394160584
6,"Kossuth",2016,2.46695402298851
6,"Kossuth",2017,2.43864598025388
6,"Kossuth",2018,2.23821989528796
6,"Kossuth",2019,2.33425414364641
6,"Kossuth",2020,2.38848920863309
6,"Kossuth",2021,2.59754224270353
6,"Kossuth",2022,2.54229607250755
7,"Winneshiek",2001,5.77896995708154
7,"Winneshiek",2002,5.11871227364185
7,"Winneshiek",2003,4.92485549132948
7,"Winneshiek",2004,2.1510333863275
7,"Winneshiek",2005,2.26006711409396
7,"Winneshiek",2006,4.56426332288401
7,"Winneshiek",2007,4.69067103109656
7,"Winneshiek",2008,4.85593220338983
7,"Winneshiek",2009,1.63443708609272
7,"Winneshiek",2010,1.58125
7,"Winneshiek",2011,1.6271637816245
7,"Winneshiek",2012,1.55497382198953
7,"Winneshiek",2013,1.39648173207037
7,"Winneshiek",2014,3.54617414248021
7,"Winneshiek",2015,3.49001331557923
7,"Winneshiek",2016,4.10876623376623
7,"Winneshiek",2017,4.24410774410774
7,"Winneshiek",2018,3.66715542521994
7,"Winneshiek",2019,3.55364806866953
7,"Winneshiek",2020,3.63846153846154
7,"Winneshiek",2021,3.79173290937997
7,"Winneshiek",2022,3.53097345132743
8,"Howard",2001,4.05785123966942
8,"Howard",2002,3.55452865064695
8,"Howard",2003,3.62734082397004
8,"Howard",2004,0.712041884816754
8,"Howard",2005,0.771266540642722
8,"Howard",2006,3.6004016064257
8,"Howard",2007,3.37325349301397
8,"Howard",2008,3.28598484848485
8,"Howard",2009,0.50983606557377
8,"Howard",2010,0.425036390101892
8,"Howard",2011,0.380636604774536
8,"Howard",2012,0.417582417582418
8,"Howard",2013,0.427576601671309
8,"Howard",2014,2.27076923076923
8,"Howard",2015,2.53024911032028
8,"Howard",2016,2.43523316062176
8,"Howard",2017,2.37221269296741
8,"Howard",2018,2.18740157480315
8,"Howard",2019,2.10903426791277
8,"Howard",2020,2.40353982300885
8,"Howard",2021,2.58223062381853
8,"Howard",2022,2.11197511664075
9,"Winnebago",2001,4.48407643312102
9,"Winnebago",2002,4.24390243902439
9,"Winnebago",2003,3.79234972677596
9,"Winnebago",2004,1.91763005780347
9,"Winnebago",2005,1.83983849259758
9,"Winnebago",2006,3.31858407079646
9,"Winnebago",2007,3.52558782849239
9,"Winnebago",2008,3.40300546448087
9,"Winnebago",2009,1.55526315789474
9,"Winnebago",2010,1.6786703601108
9,"Winnebago",2011,1.4171562867215
9,"Winnebago",2012,1.35461801596351
9,"Winnebago",2013,1.28683914510686
9,"Winnebago",2014,2.51106194690265
9,"Winnebago",2015,2.67373380447585
9,"Winnebago",2016,2.63360560093349
9,"Winnebago",2017,2.64539007092199
9,"Winnebago",2018,2.64635603345281
9,"Winnebago",2019,2.6372430471584
9,"Winnebago",2020,2.92043895747599
9,"Winnebago",2021,2.98472222222222
9,"Winnebago",2022,2.61111111111111
10,"Mitchell",2001,4.58290155440415
10,"Mitchell",2002,4.53452685421995
10,"Mitchell",2003,4.52417302798982
10,"Mitchell",2004,1.9119170984456
10,"Mitchell",2005,2.04696132596685
10,"Mitchell",2006,4.54641909814324
10,"Mitchell",2007,4.53208556149733
10,"Mitchell",2008,4.22680412371134
10,"Mitchell",2009,3.72300469483568
10,"Mitchell",2010,3.55217391304348
10,"Mitchell",2011,3.23293172690763
10,"Mitchell",2012,3.02742230347349
10,"Mitchell",2013,3.27824267782427
10,"Mitchell",2014,3.2037037037037
10,"Mitchell",2015,3.1497975708502
10,"Mitchell",2016,3.49885583524027
10,"Mitchell",2017,3.21153846153846
10,"Mitchell",2018,3.06720977596741
10,"Mitchell",2019,3.24890829694323
10,"Mitchell",2020,3.13107822410148
10,"Mitchell",2021,3.10970464135021
10,"Mitchell",2022,3.3968253968254
11,"Worth",2001,4.19521912350598
11,"Worth",2002,3.95419847328244
11,"Worth",2003,3.62886597938144
11,"Worth",2004,3.5
11,"Worth",2005,3.35064935064935
11,"Worth",2006,3.12951807228916
11,"Worth",2007,3.32081911262799
11,"Worth",2008,3.74900398406374
11,"Worth",2009,3.1038961038961
11,"Worth",2010,2.77151335311573
11,"Worth",2011,3.02528735632184
11,"Worth",2012,2.71541501976285
11,"Worth",2013,2.74522292993631
11,"Worth",2014,2.83632286995516
11,"Worth",2015,2.85909090909091
11,"Worth",2016,2.82
11,"Worth",2017,2.90092165898618
11,"Worth",2018,2.47983870967742
11,"Worth",2019,2.46262626262626
11,"Worth",2020,2.68421052631579
11,"Worth",2021,2.86073059360731
11,"Worth",2022,2.55894308943089
12,"Sioux",2001,3.72694394213382
12,"Sioux",2002,3.73465703971119
12,"Sioux",2003,3.68783542039356
12,"Sioux",2004,2.52966841186736
12,"Sioux",2005,2.51567944250871
12,"Sioux",2006,3.57845631891433
12,"Sioux",2007,3.5344
12,"Sioux",2008,3.5027365129007
12,"Sioux",2009,1.48643006263048
12,"Sioux",2010,1.37037037037037
12,"Sioux",2011,1.29589371980676
12,"Sioux",2012,1.32110643415514
12,"Sioux",2013,1.21407624633431
12,"Sioux",2014,2.53592652620205
12,"Sioux",2015,2.57778969957082
12,"Sioux",2016,2.61637239165329
12,"Sioux",2017,2.69176976869285
12,"Sioux",2018,2.46634146341463
12,"Sioux",2019,2.38805289557684
12,"Sioux",2020,2.10157830837718
12,"Sioux",2021,2.69359756097561
12,"Sioux",2022,2.43425925925926
13,"Obrien",2001,4.12442396313364
13,"Obrien",2002,3.96488549618321
13,"Obrien",2003,3.85671191553545
13,"Obrien",2004,2.12164073550212
13,"Obrien",2005,2.14032496307238
13,"Obrien",2006,3.59220389805097
13,"Obrien",2007,3.49331352154532
13,"Obrien",2008,3.49852941176471
13,"Obrien",2009,1.76566757493188
13,"Obrien",2010,1.64556962025316
13,"Obrien",2011,1.57125748502994
13,"Obrien",2012,1.61710037174721
13,"Obrien",2013,2.60350877192982
13,"Obrien",2014,2.54223744292237
13,"Obrien",2015,2.53097345132743
13,"Obrien",2016,2.39871382636656
13,"Obrien",2017,2.49886621315193
13,"Obrien",2018,2.2375745526839
13,"Obrien",2019,2.41138560687433
13,"Obrien",2020,2.49776785714286
13,"Obrien",2021,2.50890868596882
13,"Obrien",2022,2.32261410788382
14,"Clay",2001,4.12746585735964
14,"Clay",2002,3.71827057182706
14,"Clay",2003,3.79516358463727
14,"Clay",2004,0.73224043715847
14,"Clay",2005,0.649550706033376
14,"Clay",2006,3.11491442542787
14,"Clay",2007,3.09517923362176
14,"Clay",2008,2.953181272509
14,"Clay",2009,0.452747252747253
14,"Clay",2010,0.373150105708245
14,"Clay",2011,0.360323886639676
14,"Clay",2012,0.317658349328215
14,"Clay",2013,0.32565445026178
14,"Clay",2014,2.22265625
14,"Clay",2015,2.35175345377258
14,"Clay",2016,2.46892655367232
14,"Clay",2017,2.47683615819209
14,"Clay",2018,2.23618090452261
14,"Clay",2019,2.26483050847458
14,"Clay",2020,2.28856243441763
14,"Clay",2021,2.30769230769231
14,"Clay",2022,2.18799212598425
15,"Palo Alto",2001,3.73206751054852
15,"Palo Alto",2002,3.40518962075848
15,"Palo Alto",2003,3.39630390143737
15,"Palo Alto",2004,2.99253731343284
15,"Palo Alto",2005,2.88661710037175
15,"Palo Alto",2006,3.05905511811024
15,"Palo Alto",2007,3.09879032258065
15,"Palo Alto",2008,2.81428571428571
15,"Palo Alto",2009,2.72924187725632
15,"Palo Alto",2010,2.76592356687898
15,"Palo Alto",2011,2.75845410628019
15,"Palo Alto",2012,2.61212121212121
15,"Palo Alto",2013,2.54828660436137
15,"Palo Alto",2014,2.45107033639144
15,"Palo Alto",2015,2.54545454545455
15,"Palo Alto",2016,2.3687230989957
15,"Palo Alto",2017,2.44700460829493
15,"Palo Alto",2018,2.31892697466468
15,"Palo Alto",2019,2.15034482758621
15,"Palo Alto",2020,2.1906779661017
15,"Palo Alto",2021,2.31221719457014
15,"Palo Alto",2022,2.12995896032832
16,"Hancock",2001,4.26282051282051
16,"Hancock",2002,4.15189873417722
16,"Hancock",2003,3.96487603305785
16,"Hancock",2004,3.43198529411765
16,"Hancock",2005,3.28985507246377
16,"Hancock",2006,3.47318007662835
16,"Hancock",2007,3.2534965034965
16,"Hancock",2008,3.18938053097345
16,"Hancock",2009,2.88403361344538
16,"Hancock",2010,2.87722132471729
16,"Hancock",2011,2.73961661341853
16,"Hancock",2012,2.86153846153846
16,"Hancock",2013,2.65614035087719
16,"Hancock",2014,2.76296296296296
16,"Hancock",2015,2.97227356746765
16,"Hancock",2016,3.02123552123552
16,"Hancock",2017,3.00589390962672
16,"Hancock",2018,2.61815068493151
16,"Hancock",2019,3.01411290322581
16,"Hancock",2020,3.03917525773196
16,"Hancock",2021,3.12660944206009
16,"Hancock",2022,3.26410835214447
17,"Cerro Gordo",2001,3.75392953929539
17,"Cerro Gordo",2002,3.59863588667366
17,"Cerro Gordo",2003,3.51720487030175
17,"Cerro Gordo",2004,0.463579604578564
17,"Cerro Gordo",2005,0.431472081218274
17,"Cerro Gordo",2006,3.17452357071214
17,"Cerro Gordo",2007,3.03488943488943
17,"Cerro Gordo",2008,2.85472818638648
17,"Cerro Gordo",2009,0.279769262463947
17,"Cerro Gordo",2010,0.269822485207101
17,"Cerro Gordo",2011,0.111813512445674
17,"Cerro Gordo",2012,0.359038737446198
17,"Cerro Gordo",2013,0.361651448987694
17,"Cerro Gordo",2014,2.23247927656368
17,"Cerro Gordo",2015,2.21280749707146
17,"Cerro Gordo",2016,2.21834574676597
17,"Cerro Gordo",2017,2.51768920734438
17,"Cerro Gordo",2018,2.25656565656566
17,"Cerro Gordo",2019,2.16341370072713
17,"Cerro Gordo",2020,2.13237577639752
17,"Cerro Gordo",2021,2.30457069628364
17,"Cerro Gordo",2022,2.1055900621118
18,"Chickasaw",2001,4.46460980036298
18,"Chickasaw",2002,4.53631284916201
18,"Chickasaw",2003,4.34322820037106
18,"Chickasaw",2004,1.96064400715564
18,"Chickasaw",2005,2.01473296500921
18,"Chickasaw",2006,3.96078431372549
18,"Chickasaw",2007,4.16666666666667
18,"Chickasaw",2008,3.87010676156584
18,"Chickasaw",2009,1.58267716535433
18,"Chickasaw",2010,1.49266862170088
18,"Chickasaw",2011,1.553772070626
18,"Chickasaw",2012,1.56309148264984
18,"Chickasaw",2013,2.9858934169279
18,"Chickasaw",2014,3.17408906882591
18,"Chickasaw",2015,3.20967741935484
18,"Chickasaw",2016,3.3573883161512
18,"Chickasaw",2017,3.1002004008016
18,"Chickasaw",2018,2.83457249070632
18,"Chickasaw",2019,2.70201096892139
18,"Chickasaw",2020,2.77389705882353
18,"Chickasaw",2021,3.31543624161074
18,"Chickasaw",2022,3.09623430962343
19,"Floyd",2001,3.0524625267666
19,"Floyd",2002,2.79088206144698
19,"Floyd",2003,2.88807531380753
19,"Floyd",2004,1.20364050056883
19,"Floyd",2005,1.11290322580645
19,"Floyd",2006,2.90054644808743
19,"Floyd",2007,2.77287066246057
19,"Floyd",2008,2.57507360157017
19,"Floyd",2009,0.942798774259448
19,"Floyd",2010,0.922998986828774
19,"Floyd",2011,0.540983606557377
19,"Floyd",2012,0.510835913312694
19,"Floyd",2013,0.449060336300692
19,"Floyd",2014,2.19447513812155
19,"Floyd",2015,2.06624605678233
19,"Floyd",2016,2.07257203842049
19,"Floyd",2017,2.03418803418803
19,"Floyd",2018,1.92462311557789
19,"Floyd",2019,1.88636363636364
19,"Floyd",2020,1.92957746478873
19,"Floyd",2021,1.94450154162384
19,"Floyd",2022,1.83366533864542
20,"Clayton",2001,3.45347593582888
20,"Clayton",2002,3.26222684703434
20,"Clayton",2003,3.37677984665936
20,"Clayton",2004,3.225
20,"Clayton",2005,2.99454297407913
20,"Clayton",2006,3.20328849028401
20,"Clayton",2007,3.01385041551247
20,"Clayton",2008,2.98609179415855
20,"Clayton",2009,2.67365661861075
20,"Clayton",2010,2.53846153846154
20,"Clayton",2011,2.51522842639594
20,"Clayton",2012,2.5796178343949
20,"Clayton",2013,2.78082191780822
20,"Clayton",2014,2.92264416315049
20,"Clayton",2015,2.83469945355191
20,"Clayton",2016,2.77567567567568
20,"Clayton",2017,3.1304347826087
20,"Clayton",2018,2.58872901678657
20,"Clayton",2019,2.61714285714286
20,"Clayton",2020,2.7667731629393
20,"Clayton",2021,2.89268292682927
20,"Clayton",2022,2.49490196078431
21,"Fayette",2001,3.24018838304553
21,"Fayette",2002,2.98521803399852
21,"Fayette",2003,2.87912087912088
21,"Fayette",2004,0.748523206751055
21,"Fayette",2005,1.09285237140949
21,"Fayette",2006,2.7027397260274
21,"Fayette",2007,2.61898305084746
21,"Fayette",2008,2.81911013858497
21,"Fayette",2009,1.59130434782609
21,"Fayette",2010,1.47731629392971
21,"Fayette",2011,1.39350405996252
21,"Fayette",2012,1.34769230769231
21,"Fayette",2013,1.2811296534018
21,"Fayette",2014,2.07091737150293
21,"Fayette",2015,2.04554201411161
21,"Fayette",2016,2.00830140485313
21,"Fayette",2017,2.06149732620321
21,"Fayette",2018,1.94627054361568
21,"Fayette",2019,1.94088050314465
21,"Fayette",2020,2.10797799174691
21,"Fayette",2021,2.23652048885694
21,"Fayette",2022,2.03127035830619
22,"Plymouth",2001,6.11203319502075
22,"Plymouth",2002,5.81149732620321
22,"Plymouth",2003,5.49188514357054
22,"Plymouth",2004,2.5005875440658
22,"Plymouth",2005,2.28191489361702
22,"Plymouth",2006,5.07584597432905
22,"Plymouth",2007,5.06213364595545
22,"Plymouth",2008,4.79732739420935
22,"Plymouth",2009,2.16494845360825
22,"Plymouth",2010,2.01845018450184
22,"Plymouth",2011,1.93688007213706
22,"Plymouth",2012,1.86569717707442
22,"Plymouth",2013,1.75332225913621
22,"Plymouth",2014,3.39408866995074
22,"Plymouth",2015,3.44151565074135
22,"Plymouth",2016,3.57952622673435
22,"Plymouth",2017,3.46991869918699
22,"Plymouth",2018,3.09255242227043
22,"Plymouth",2019,3.0347764371895
22,"Plymouth",2020,3.20692249811889
22,"Plymouth",2021,3.27588813303099
22,"Plymouth",2022,3.04721634954193
23,"Cherokee",2001,4.72930648769575
23,"Cherokee",2002,4.00581395348837
23,"Cherokee",2003,3.7
23,"Cherokee",2004,1.54727272727273
23,"Cherokee",2005,1.43694493783304
23,"Cherokee",2006,3.33577981651376
23,"Cherokee",2007,3.53891050583658
23,"Cherokee",2008,2.97009966777409
23,"Cherokee",2009,1.12824675324675
23,"Cherokee",2010,1.25765765765766
23,"Cherokee",2011,1.14566284779051
23,"Cherokee",2012,1.07478005865103
23,"Cherokee",2013,1.02900763358779
23,"Cherokee",2014,2.5
23,"Cherokee",2015,2.60413354531002
23,"Cherokee",2016,2.65849673202614
23,"Cherokee",2017,2.49619482496195
23,"Cherokee",2018,2.56906077348066
23,"Cherokee",2019,2.68855534709193
23,"Cherokee",2020,2.46875
23,"Cherokee",2021,2.71691176470588
23,"Cherokee",2022,2.58490566037736
24,"Buena Vista",2001,2.59774964838256
24,"Buena Vista",2002,2.60738714090287
24,"Buena Vista",2003,2.43265565438374
24,"Buena Vista",2004,1.12580231065469
24,"Buena Vista",2005,1.03541416566627
24,"Buena Vista",2006,2.12464589235127
24,"Buena Vista",2007,2.12742382271468
24,"Buena Vista",2008,2.01858544140423
24,"Buena Vista",2009,0.787166741979214
24,"Buena Vista",2010,0.774581365392872
24,"Buena Vista",2011,0.732665330661323
24,"Buena Vista",2012,0.700389105058366
24,"Buena Vista",2013,0.664539289988033
24,"Buena Vista",2014,1.59782170229931
24,"Buena Vista",2015,1.55084097859327
24,"Buena Vista",2016,1.63632619439868
24,"Buena Vista",2017,1.65342521280908
24,"Buena Vista",2018,1.63512518409426
24,"Buena Vista",2019,1.57982905982906
24,"Buena Vista",2020,1.69288793103448
24,"Buena Vista",2021,1.69186256781194
24,"Buena Vista",2022,1.78066215199398
25,"Pocahontas",2001,3.35949367088608
25,"Pocahontas",2002,3.40108401084011
25,"Pocahontas",2003,3.23691460055096
25,"Pocahontas",2004,3.4952380952381
25,"Pocahontas",2005,2.87465181058496
25,"Pocahontas",2006,3.29166666666667
25,"Pocahontas",2007,2.95953757225434
25,"Pocahontas",2008,2.81976744186047
25,"Pocahontas",2009,2.36729222520107
25,"Pocahontas",2010,2.25065274151436
25,"Pocahontas",2011,2.19836956521739
25,"Pocahontas",2012,2.15527950310559
25,"Pocahontas",2013,1.96041666666667
25,"Pocahontas",2014,1.89591836734694
25,"Pocahontas",2015,1.80970873786408
25,"Pocahontas",2016,1.91125541125541
25,"Pocahontas",2017,1.8562091503268
25,"Pocahontas",2018,1.74675324675325
25,"Pocahontas",2019,1.85321100917431
25,"Pocahontas",2020,1.73101952277657
25,"Pocahontas",2021,1.98514851485149
25,"Pocahontas",2022,1.72093023255814
26,"Humboldt",2001,4.97520661157025
26,"Humboldt",2002,4.33834586466165
26,"Humboldt",2003,3.89814814814815
26,"Humboldt",2004,0.641350210970464
26,"Humboldt",2005,0.620618556701031
26,"Humboldt",2006,3.63470319634703
26,"Humboldt",2007,3.62758620689655
26,"Humboldt",2008,3.15303983228512
26,"Humboldt",2009,0.522968197879859
26,"Humboldt",2010,0.452614379084967
26,"Humboldt",2011,0.252115059221658
26,"Humboldt",2012,0.220421393841167
26,"Humboldt",2013,0.169039145907473
26,"Humboldt",2014,2.51178451178451
26,"Humboldt",2015,2.51635111876076
26,"Humboldt",2016,2.49324324324324
26,"Humboldt",2017,2.45977011494253
26,"Humboldt",2018,2.48692810457516
26,"Humboldt",2019,2.58196721311475
26,"Humboldt",2020,2.67567567567568
26,"Humboldt",2021,2.81428571428571
26,"Humboldt",2022,2.42349304482226
27,"Wright",2001,3.32788798133022
27,"Wright",2002,3.12138084632517
27,"Wright",2003,3.12913907284768
27,"Wright",2004,2.8094262295082
27,"Wright",2005,2.66073194856578
27,"Wright",2006,2.66366366366366
27,"Wright",2007,2.84466019417476
27,"Wright",2008,2.53714285714286
27,"Wright",2009,2.27576853526221
27,"Wright",2010,2.16453537936914
27,"Wright",2011,2.1514657980456
27,"Wright",2012,2.00689127105666
27,"Wright",2013,1.94968051118211
27,"Wright",2014,1.93396226415094
27,"Wright",2015,1.85263157894737
27,"Wright",2016,1.78848920863309
27,"Wright",2017,1.77528901734104
27,"Wright",2018,1.67181208053691
27,"Wright",2019,1.69352708058124
27,"Wright",2020,1.78202406227884
27,"Wright",2021,1.92942050520059
27,"Wright",2022,1.66645119586296
28,"Bremer",2001,6.0175
28,"Bremer",2002,6.0746835443038
28,"Bremer",2003,5.58514285714286
28,"Bremer",2004,3.62615587846764
28,"Bremer",2005,3.28795180722892
28,"Bremer",2006,5.63875598086124
28,"Bremer",2007,5.32435465768799
28,"Bremer",2008,5.6603325415677
28,"Bremer",2009,2.91151385927505
28,"Bremer",2010,2.90401567091087
28,"Bremer",2011,2.99692307692308
28,"Bremer",2012,2.76221198156682
28,"Bremer",2013,2.49775381850854
28,"Bremer",2014,4.34240924092409
28,"Bremer",2015,4.13687943262411
28,"Bremer",2016,4.39347990902199
28,"Bremer",2017,4.27508090614887
28,"Bremer",2018,4.01123595505618
28,"Bremer",2019,4.31832797427653
28,"Bremer",2020,4.21941594317285
28,"Bremer",2021,5.12784090909091
28,"Bremer",2022,4.1381679389313
29,"Franklin",2001,3.573055028463
29,"Franklin",2002,3.41252302025783
29,"Franklin",2003,3.35359116022099
29,"Franklin",2004,0.960264900662252
29,"Franklin",2005,1.09228187919463
29,"Franklin",2006,2.56338028169014
29,"Franklin",2007,2.55526657997399
29,"Franklin",2008,2.44371727748691
29,"Franklin",2009,0.787804878048781
29,"Franklin",2010,0.765116279069767
29,"Franklin",2011,0.957224334600761
29,"Franklin",2012,0.319562575941677
29,"Franklin",2013,0.300653594771242
29,"Franklin",2014,1.80952380952381
29,"Franklin",2015,1.74968866749689
29,"Franklin",2016,1.97631133671743
29,"Franklin",2017,1.81688311688312
29,"Franklin",2018,1.6371158392435
29,"Franklin",2019,1.61910377358491
29,"Franklin",2020,1.66035353535354
29,"Franklin",2021,1.71483375959079
29,"Franklin",2022,1.77377892030848
30,"Butler",2001,4.34130434782609
30,"Butler",2002,4.23489932885906
30,"Butler",2003,4.15111111111111
30,"Butler",2004,3.92963752665245
30,"Butler",2005,4.05895691609977
30,"Butler",2006,3.8619957537155
30,"Butler",2007,3.59003831417625
30,"Butler",2008,3.63618677042802
30,"Butler",2009,3.51823416506718
30,"Butler",2010,3.32746478873239
30,"Butler",2011,3.01230769230769
30,"Butler",2012,2.97583081570997
30,"Butler",2013,3.12302284710018
30,"Butler",2014,3.07155025553663
30,"Butler",2015,3.14285714285714
30,"Butler",2016,2.96757679180887
30,"Butler",2017,3.01413427561837
30,"Butler",2018,2.9820788530466
30,"Butler",2019,3.27087576374745
30,"Butler",2020,3.50765864332604
30,"Butler",2021,4.4344262295082
30,"Butler",2022,3.48922413793103
31,"Dubuque",2001,3.61262050832603
31,"Dubuque",2002,3.50933928073599
31,"Dubuque",2003,3.51051625239006
31,"Dubuque",2004,0
31,"Dubuque",2005,0
31,"Dubuque",2006,3.04642210144928
31,"Dubuque",2007,3.09533607681756
31,"Dubuque",2008,2.99384811200679
31,"Dubuque",2009,0
31,"Dubuque",2010,0
31,"Dubuque",2011,0
31,"Dubuque",2012,0
31,"Dubuque",2013,0
31,"Dubuque",2014,2.86476793248945
31,"Dubuque",2015,2.81103990076494
31,"Dubuque",2016,2.89281931794111
31,"Dubuque",2017,2.81339415301679
31,"Dubuque",2018,2.44593857895693
31,"Dubuque",2019,2.6819711062735
31,"Dubuque",2020,2.64908120924718
31,"Dubuque",2021,2.76617123717815
31,"Dubuque",2022,2.70024620434961
32,"Delaware",2001,4.71698113207547
32,"Delaware",2002,4.33898305084746
32,"Delaware",2003,4.26455026455026
32,"Delaware",2004,1.79826732673267
32,"Delaware",2005,1.78378378378378
32,"Delaware",2006,3.82022471910112
32,"Delaware",2007,3.29522752497225
32,"Delaware",2008,3.63470873786408
32,"Delaware",2009,1.47255113024758
32,"Delaware",2010,1.35532994923858
32,"Delaware",2011,1.23352165725047
32,"Delaware",2012,1.25241779497099
32,"Delaware",2013,1.25232678386763
32,"Delaware",2014,2.76820512820513
32,"Delaware",2015,2.75779625779626
32,"Delaware",2016,2.76507936507937
32,"Delaware",2017,2.83592017738359
32,"Delaware",2018,2.76476906552095
32,"Delaware",2019,2.83866481223922
32,"Delaware",2020,2.87672811059908
32,"Delaware",2021,3.13858267716535
32,"Delaware",2022,2.86510263929619
33,"Webster",2001,2.97820308346624
33,"Webster",2002,2.86780715396579
33,"Webster",2003,2.61215834118756
33,"Webster",2004,0.600755073147711
33,"Webster",2005,0.604911676001723
33,"Webster",2006,2.26861816616444
33,"Webster",2007,2.21316348195329
33,"Webster",2008,2.20923460898502
33,"Webster",2009,0.521063394683027
33,"Webster",2010,0.503139717425432
33,"Webster",2011,0.469783352337514
33,"Webster",2012,0.435530085959885
33,"Webster",2013,0.42089552238806
33,"Webster",2014,1.68475177304965
33,"Webster",2015,1.77141788252899
33,"Webster",2016,1.79244563143838
33,"Webster",2017,1.80598711633194
33,"Webster",2018,1.77087304613038
33,"Webster",2019,1.814639905549
33,"Webster",2020,1.84235860409146
33,"Webster",2021,1.8440664236533
33,"Webster",2022,1.76435643564356
34,"Buchanan",2001,4.24039829302987
34,"Buchanan",2002,3.70411985018727
34,"Buchanan",2003,3.73636363636364
34,"Buchanan",2004,1.82010582010582
34,"Buchanan",2005,1.82642487046632
34,"Buchanan",2006,3.61450381679389
34,"Buchanan",2007,3.44230769230769
34,"Buchanan",2008,3.50922509225092
34,"Buchanan",2009,1.64254385964912
34,"Buchanan",2010,1.68409090909091
34,"Buchanan",2011,1.59504132231405
34,"Buchanan",2012,1.73595505617978
34,"Buchanan",2013,1.71896955503513
34,"Buchanan",2014,3.21581920903955
34,"Buchanan",2015,3.57125
34,"Buchanan",2016,3.2265625
34,"Buchanan",2017,3.18675352877307
34,"Buchanan",2018,3.10377358490566
34,"Buchanan",2019,3.15817984832069
34,"Buchanan",2020,2.94608341810783
34,"Buchanan",2021,3.54721549636804
34,"Buchanan",2022,3.28359908883827
35,"Black Hawk",2001,2.63334854708657
35,"Black Hawk",2002,2.54466774240868
35,"Black Hawk",2003,2.45309409437694
35,"Black Hawk",2004,0.214791632350519
35,"Black Hawk",2005,0.234729493891798
35,"Black Hawk",2006,2.65451807228916
35,"Black Hawk",2007,2.6657134256472
35,"Black Hawk",2008,2.49752370171218
35,"Black Hawk",2009,0.16622091468307
35,"Black Hawk",2010,0.141912276630309
35,"Black Hawk",2011,0.138417431192661
35,"Black Hawk",2012,0.137663489248504
35,"Black Hawk",2013,0.133780404637418
35,"Black Hawk",2014,1.96652901543143
35,"Black Hawk",2015,1.99094422970734
35,"Black Hawk",2016,2.01619615341356
35,"Black Hawk",2017,2.38935574229692
35,"Black Hawk",2018,2.0738813735692
35,"Black Hawk",2019,1.96156344737982
35,"Black Hawk",2020,1.89685814027293
35,"Black Hawk",2021,1.92595362752431
35,"Black Hawk",2022,1.87021943573668
36,"Woodbury",2001,3.25535714285714
36,"Woodbury",2002,2.99767287234043
36,"Woodbury",2003,2.50656712290889
36,"Woodbury",2004,0.403946002076843
36,"Woodbury",2005,0.350109691573106
36,"Woodbury",2006,2.53538331929233
36,"Woodbury",2007,2.26373070108833
36,"Woodbury",2008,2.29451617026716
36,"Woodbury",2009,0.286744315030505
36,"Woodbury",2010,0.292247629670943
36,"Woodbury",2011,0.284018465596834
36,"Woodbury",2012,0.242311375971055
36,"Woodbury",2013,0.220614263404477
36,"Woodbury",2014,1.71009549795362
36,"Woodbury",2015,1.68073704992009
36,"Woodbury",2016,1.79203940094482
36,"Woodbury",2017,1.92479499352611
36,"Woodbury",2018,1.82261010757053
36,"Woodbury",2019,1.87254701553557
36,"Woodbury",2020,1.62479682138342
36,"Woodbury",2021,1.72695170834129
36,"Woodbury",2022,1.66395939086294
37,"Ida",2001,3.88429752066116
37,"Ida",2002,3.32470588235294
37,"Ida",2003,3.13145539906103
37,"Ida",2004,3.35078534031414
37,"Ida",2005,3.19537275064267
37,"Ida",2006,3.1592039800995
37,"Ida",2007,3.12814070351759
37,"Ida",2008,3.38524590163934
37,"Ida",2009,3.07310704960836
37,"Ida",2010,3.1343669250646
37,"Ida",2011,2.80614657210402
37,"Ida",2012,3
37,"Ida",2013,2.52983293556086
37,"Ida",2014,2.74722222222222
37,"Ida",2015,2.58961038961039
37,"Ida",2016,2.72950819672131
37,"Ida",2017,2.71584699453552
37,"Ida",2018,2.25370675453048
37,"Ida",2019,2.24232633279483
37,"Ida",2020,2.15610510046368
37,"Ida",2021,2.39335664335664
37,"Ida",2022,2.36505190311419
38,"Sac",2001,3.40740740740741
38,"Sac",2002,3.09267563527653
38,"Sac",2003,3.17932148626817
38,"Sac",2004,3.12121212121212
38,"Sac",2005,2.79179331306991
38,"Sac",2006,2.88186356073211
38,"Sac",2007,2.76911076443058
38,"Sac",2008,2.7667731629393
38,"Sac",2009,2.6676970633694
38,"Sac",2010,2.50892857142857
38,"Sac",2011,2.39687055476529
38,"Sac",2012,0.969738651994498
38,"Sac",2013,2.29619181946403
38,"Sac",2014,2.3019943019943
38,"Sac",2015,2.25977653631285
38,"Sac",2016,2.4589905362776
38,"Sac",2017,2.34441087613293
38,"Sac",2018,2.14669051878354
38,"Sac",2019,2
38,"Sac",2020,1.91739894551845
38,"Sac",2021,2.23170731707317
38,"Sac",2022,2.25413223140496
39,"Calhoun",2001,3.9042735042735
39,"Calhoun",2002,3.39351851851852
39,"Calhoun",2003,3.41573033707865
39,"Calhoun",2004,3.30359937402191
39,"Calhoun",2005,3.40604026845638
39,"Calhoun",2006,3.28595041322314
39,"Calhoun",2007,3.46964285714286
39,"Calhoun",2008,3.34188034188034
39,"Calhoun",2009,3.03348554033486
39,"Calhoun",2010,2.91361639824305
39,"Calhoun",2011,2.75
39,"Calhoun",2012,2.70015455950541
39,"Calhoun",2013,2.86462093862816
39,"Calhoun",2014,2.89158878504673
39,"Calhoun",2015,2.84848484848485
39,"Calhoun",2016,2.7571189279732
39,"Calhoun",2017,2.89357798165138
39,"Calhoun",2018,2.39611360239163
39,"Calhoun",2019,2.68205128205128
39,"Calhoun",2020,2.67465753424658
39,"Calhoun",2021,2.89035916824197
39,"Calhoun",2022,2.58166666666667
40,"Hamilton",2001,4.51643192488263
40,"Hamilton",2002,4.02357836338419
40,"Hamilton",2003,3.66838046272494
40,"Hamilton",2004,1.44814340588988
40,"Hamilton",2005,1.4993481095176
40,"Hamilton",2006,3.23102678571429
40,"Hamilton",2007,3.36608187134503
40,"Hamilton",2008,3.41387559808612
40,"Hamilton",2009,1.12182203389831
40,"Hamilton",2010,1.00366972477064
40,"Hamilton",2011,0.872573839662447
40,"Hamilton",2012,0.862679022746419
40,"Hamilton",2013,0.802345058626466
40,"Hamilton",2014,2.27361853832442
40,"Hamilton",2015,2.28739800543971
40,"Hamilton",2016,2.27149321266968
40,"Hamilton",2017,2.3323782234957
40,"Hamilton",2018,2.15710503089144
40,"Hamilton",2019,2.10876897133221
40,"Hamilton",2020,2.24309392265193
40,"Hamilton",2021,2.92671394799054
40,"Hamilton",2022,2.26281453867661
41,"Hardin",2001,3.55521472392638
41,"Hardin",2002,3.32775590551181
41,"Hardin",2003,3.19386745796241
41,"Hardin",2004,1.87839101964453
41,"Hardin",2005,1.82710280373832
41,"Hardin",2006,3.18297872340426
41,"Hardin",2007,3.0495258166491
41,"Hardin",2008,2.94123711340206
41,"Hardin",2009,1.67652671755725
41,"Hardin",2010,1.56615120274914
41,"Hardin",2011,1.46422893481717
41,"Hardin",2012,1.44742900997698
41,"Hardin",2013,1.36829268292683
41,"Hardin",2014,2.41695205479452
41,"Hardin",2015,2.38539042821159
41,"Hardin",2016,2.42424242424242
41,"Hardin",2017,2.47435897435897
41,"Hardin",2018,2.3003984063745
41,"Hardin",2019,2.33029801324503
41,"Hardin",2020,2.22905027932961
41,"Hardin",2021,2.45796064400716
41,"Hardin",2022,2.52877697841727
42,"Grundy",2001,5.47368421052632
42,"Grundy",2002,5.04513064133017
42,"Grundy",2003,4.84875846501129
42,"Grundy",2004,4.44258872651357
42,"Grundy",2005,4.69789983844911
42,"Grundy",2006,4.87966101694915
42,"Grundy",2007,4.81132075471698
42,"Grundy",2008,4.63529411764706
42,"Grundy",2009,3.98050974512744
42,"Grundy",2010,4.15757575757576
42,"Grundy",2011,4.07027818448023
42,"Grundy",2012,3.57766367137356
42,"Grundy",2013,3.49279161205767
42,"Grundy",2014,3.4664914586071
42,"Grundy",2015,3.27667493796526
42,"Grundy",2016,3.55510204081633
42,"Grundy",2017,3.72206303724928
42,"Grundy",2018,3.36339869281046
42,"Grundy",2019,3.50748299319728
42,"Grundy",2020,3.74411764705882
42,"Grundy",2021,3.83358098068351
42,"Grundy",2022,3.54834254143646
43,"Jackson",2001,3.53973168214654
43,"Jackson",2002,3.43674698795181
43,"Jackson",2003,3.12832263978002
43,"Jackson",2004,1.70229007633588
43,"Jackson",2005,1.45150501672241
43,"Jackson",2006,2.97451669595782
43,"Jackson",2007,2.86967854039965
43,"Jackson",2008,2.74436090225564
43,"Jackson",2009,1.35091926458833
43,"Jackson",2010,1.31320450885668
43,"Jackson",2011,1.30857648099027
43,"Jackson",2012,1.21585160202361
43,"Jackson",2013,1.16531895777179
43,"Jackson",2014,2.4206204379562
43,"Jackson",2015,2.24652777777778
43,"Jackson",2016,2.18948247078464
43,"Jackson",2017,2.23529411764706
43,"Jackson",2018,2.09781729991916
43,"Jackson",2019,2.26441881100266
43,"Jackson",2020,2.32839962997225
43,"Jackson",2021,2.57766497461929
43,"Jackson",2022,2.39808612440191
44,"Jones",2001,4.02579852579853
44,"Jones",2002,3.75260115606936
44,"Jones",2003,3.54685777287762
44,"Jones",2004,0.873390557939914
44,"Jones",2005,0.849137931034483
44,"Jones",2006,3.43167028199566
44,"Jones",2007,3.22868605817452
44,"Jones",2008,3.35
44,"Jones",2009,0.608736059479554
44,"Jones",2010,0.615678776290631
44,"Jones",2011,0.578324225865209
44,"Jones",2012,0.559011893870082
44,"Jones",2013,0.486324786324786
44,"Jones",2014,2.45203111495246
44,"Jones",2015,2.52748226950355
44,"Jones",2016,2.44511668107174
44,"Jones",2017,2.46317657497782
44,"Jones",2018,2.3920704845815
44,"Jones",2019,2.52157598499062
44,"Jones",2020,2.55450236966825
44,"Jones",2021,2.63815142576205
44,"Jones",2022,2.46332404828227
45,"Linn",2001,4.6647703029441
45,"Linn",2002,4.2485853909465
45,"Linn",2003,3.87929824561404
45,"Linn",2004,0.318212365591398
45,"Linn",2005,0.308517626450624
45,"Linn",2006,3.56838402648459
45,"Linn",2007,3.68093013378637
45,"Linn",2008,3.46422924901186
45,"Linn",2009,0.269472710453284
45,"Linn",2010,0.252700348432056
45,"Linn",2011,0.253268977621764
45,"Linn",2012,0.236874741628772
45,"Linn",2013,0.221724250325945
45,"Linn",2014,2.87655819977335
45,"Linn",2015,2.8064087534193
45,"Linn",2016,2.84227030417059
45,"Linn",2017,2.74810949788264
45,"Linn",2018,2.65476539589443
45,"Linn",2019,2.63049938392404
45,"Linn",2020,2.60498194413737
45,"Linn",2021,2.55161943319838
45,"Linn",2022,2.55794834485267
46,"Benton",2001,4.9833531510107
46,"Benton",2002,4.52101769911504
46,"Benton",2003,4.17181069958848
46,"Benton",2004,0.634522661523626
46,"Benton",2005,0.6
46,"Benton",2006,3.93682132280355
46,"Benton",2007,3.80700094607379
46,"Benton",2008,3.61035422343324
46,"Benton",2009,0.512866015971606
46,"Benton",2010,0.508340649692713
46,"Benton",2011,0.522785898538263
46,"Benton",2012,0.527753303964758
46,"Benton",2013,0.492293744333636
46,"Benton",2014,3.13236627379873
46,"Benton",2015,3.27402473834443
46,"Benton",2016,3.29698149951315
46,"Benton",2017,3.23164918970448
46,"Benton",2018,3.11753731343284
46,"Benton",2019,2.93211488250653
46,"Benton",2020,2.89341421143847
46,"Benton",2021,3.04634581105169
46,"Benton",2022,2.92333901192504
47,"Tama",2001,3.49074074074074
47,"Tama",2002,3.47252747252747
47,"Tama",2003,2.95298068849706
47,"Tama",2004,1.46419545071609
47,"Tama",2005,0.980276134122288
47,"Tama",2006,2.75286757038582
47,"Tama",2007,2.5996015936255
47,"Tama",2008,2.80573248407643
47,"Tama",2009,1.04761904761905
47,"Tama",2010,1.1048128342246
47,"Tama",2011,0.997053045186641
47,"Tama",2012,0.952112676056338
47,"Tama",2013,0.861061946902655
47,"Tama",2014,1.99580536912752
47,"Tama",2015,1.96826688364524
47,"Tama",2016,2.02001668056714
47,"Tama",2017,1.95850284784378
47,"Tama",2018,1.89344909234412
47,"Tama",2019,1.84068058778036
47,"Tama",2020,1.7685393258427
47,"Tama",2021,2.23745173745174
47,"Tama",2022,1.85218093699515
48,"Monona",2001,3.19917864476386
48,"Monona",2002,2.86866791744841
48,"Monona",2003,2.72075471698113
48,"Monona",2004,2.46584938704028
48,"Monona",2005,2.74212598425197
48,"Monona",2006,2.53357531760436
48,"Monona",2007,2.63688212927757
48,"Monona",2008,2.421143847487
48,"Monona",2009,2.24361158432709
48,"Monona",2010,2.07407407407407
48,"Monona",2011,2.03230543318649
48,"Monona",2012,1.94730538922156
48,"Monona",2013,1.89756722151088
48,"Monona",2014,1.90620871862616
48,"Monona",2015,1.9387483355526
48,"Monona",2016,1.90641711229947
48,"Monona",2017,1.93648648648649
48,"Monona",2018,1.84752223634053
48,"Monona",2019,1.86640211640212
48,"Monona",2020,1.77835051546392
48,"Monona",2021,1.97450424929178
48,"Monona",2022,2.01174743024963
49,"Crawford",2001,2.49764373232799
49,"Crawford",2002,2.35444151275286
49,"Crawford",2003,2.21086780210868
49,"Crawford",2004,0.664992826398852
49,"Crawford",2005,0.860449735449735
49,"Crawford",2006,2.15364238410596
49,"Crawford",2007,2.00892288081581
49,"Crawford",2008,1.96132930513595
49,"Crawford",2009,0.679310344827586
49,"Crawford",2010,0.636363636363636
49,"Crawford",2011,0.735768500948767
49,"Crawford",2012,0.684494382022472
49,"Crawford",2013,0.639305816135084
49,"Crawford",2014,1.66458733205374
49,"Crawford",2015,1.61735419630156
49,"Crawford",2016,1.47869542346134
49,"Crawford",2017,1.52911813643927
49,"Crawford",2018,1.50555261766261
49,"Crawford",2019,1.48236514522822
49,"Crawford",2020,1.47573333333333
49,"Crawford",2021,1.86185567010309
49,"Crawford",2022,1.62944785276074
50,"Carroll",2001,3.89073634204276
50,"Carroll",2002,3.86577992744861
50,"Carroll",2003,3.81116389548694
50,"Carroll",2004,1.67337278106509
50,"Carroll",2005,1.50323275862069
50,"Carroll",2006,3.05474095796676
50,"Carroll",2007,3.2232905982906
50,"Carroll",2008,3.31157894736842
50,"Carroll",2009,1.27783251231527
50,"Carroll",2010,1.1219512195122
50,"Carroll",2011,0.835714285714286
50,"Carroll",2012,0.861486486486487
50,"Carroll",2013,0.826542491268917
50,"Carroll",2014,2.79058823529412
50,"Carroll",2015,2.59409190371991
50,"Carroll",2016,2.62884784520668
50,"Carroll",2017,2.60237892948173
50,"Carroll",2018,2.37412858249419
50,"Carroll",2019,2.63800515907137
50,"Carroll",2020,2.91761363636364
50,"Carroll",2021,2.99310344827586
50,"Carroll",2022,2.62283737024221
51,"Greene",2001,2.97443609022556
51,"Greene",2002,2.63483146067416
51,"Greene",2003,2.73303167420814
51,"Greene",2004,0.8256735340729
51,"Greene",2005,0.837795275590551
51,"Greene",2006,2.63695299837925
51,"Greene",2007,2.67156862745098
51,"Greene",2008,2.43880597014925
51,"Greene",2009,0.759112519809826
51,"Greene",2010,0.581395348837209
51,"Greene",2011,0.567200986436498
51,"Greene",2012,0.602331606217617
51,"Greene",2013,2.03047895500726
51,"Greene",2014,2.07153284671533
51,"Greene",2015,2.03072625698324
51,"Greene",2016,2.14437689969605
51,"Greene",2017,2.17573872472784
51,"Greene",2018,2.20985691573927
51,"Greene",2019,2.05777777777778
51,"Greene",2020,2.0855365474339
51,"Greene",2021,2.26825127334465
51,"Greene",2022,2.12559618441971
52,"Boone",2001,4.67857142857143
52,"Boone",2002,4.36715481171548
52,"Boone",2003,4.30880829015544
52,"Boone",2004,1.70848708487085
52,"Boone",2005,2.14680050188206
52,"Boone",2006,3.73992322456814
52,"Boone",2007,3.76279527559055
52,"Boone",2008,3.41539838854073
52,"Boone",2009,1.28463476070529
52,"Boone",2010,1.21535022354694
52,"Boone",2011,1.18650217706821
52,"Boone",2012,1.26425269645609
52,"Boone",2013,1.3441615452151
52,"Boone",2014,3.25068368277119
52,"Boone",2015,2.57894736842105
52,"Boone",2016,2.784639746635
52,"Boone",2017,2.96277495769882
52,"Boone",2018,2.68865030674847
52,"Boone",2019,2.90769230769231
52,"Boone",2020,3.14959202175884
52,"Boone",2021,3.04653204565408
52,"Boone",2022,3.01716738197425
53,"Story",2001,7.74111675126904
53,"Story",2002,6.89760207388205
53,"Story",2003,5.82089552238806
53,"Story",2004,1.14825253664036
53,"Story",2005,0.541123370110331
53,"Story",2006,5.12196307094266
53,"Story",2007,5.61894846434149
53,"Story",2008,4.81274900398406
53,"Story",2009,0.4
53,"Story",2010,0.384738955823293
53,"Story",2011,0.346545454545455
53,"Story",2012,0.328268551236749
53,"Story",2013,0.334942443371704
53,"Story",2014,4.00259259259259
53,"Story",2015,3.81798866855524
53,"Story",2016,3.84033910279053
53,"Story",2017,4.14785553047404
53,"Story",2018,3.77559322033898
53,"Story",2019,3.94801545486477
53,"Story",2020,3.83997180119845
53,"Story",2021,4.26574500768049
53,"Story",2022,3.87365123564219
54,"Marshall",2001,2.73918417799753
54,"Marshall",2002,2.63843387934479
54,"Marshall",2003,2.33934252386002
54,"Marshall",2004,0.53735255570118
54,"Marshall",2005,0.515960712093309
54,"Marshall",2006,2.08743842364532
54,"Marshall",2007,1.99357476635514
54,"Marshall",2008,1.93635321100917
54,"Marshall",2009,0.483160965261204
54,"Marshall",2010,0.475384214639229
54,"Marshall",2011,0.469567404426559
54,"Marshall",2012,0.45404367650588
54,"Marshall",2013,0.486522551374433
54,"Marshall",2014,1.67782002534854
54,"Marshall",2015,1.66708796764408
54,"Marshall",2016,1.99940316323486
54,"Marshall",2017,1.73983950297696
54,"Marshall",2018,1.56850131045985
54,"Marshall",2019,1.89868721461187
54,"Marshall",2020,1.59671890303624
54,"Marshall",2021,1.71602649006623
54,"Marshall",2022,1.66925064599483
55,"Clinton",2001,3.35140482785912
55,"Clinton",2002,3.30475815965395
55,"Clinton",2003,3.13979706877114
55,"Clinton",2004,0.826223776223776
55,"Clinton",2005,0.456005352960856
55,"Clinton",2006,2.73024341447149
55,"Clinton",2007,2.64965652600589
55,"Clinton",2008,2.70714985308521
55,"Clinton",2009,0.421719457013575
55,"Clinton",2010,0.421236872812135
55,"Clinton",2011,0.447925992241122
55,"Clinton",2012,0.461990020545935
55,"Clinton",2013,0.444009632751355
55,"Clinton",2014,2.28225559301256
55,"Clinton",2015,2.14175478708202
55,"Clinton",2016,2.17542823390431
55,"Clinton",2017,2.15219976218787
55,"Clinton",2018,2.05727246952084
55,"Clinton",2019,2.33911620294599
55,"Clinton",2020,2.34724983432737
55,"Clinton",2021,2.37071860308932
55,"Clinton",2022,2.247997436719
56,"Cedar",2001,5.61466458658346
56,"Cedar",2002,6.10332749562172
56,"Cedar",2003,5.75782537067545
56,"Cedar",2004,5.69217970049917
56,"Cedar",2005,5.21745788667688
56,"Cedar",2006,5.36635220125786
56,"Cedar",2007,4.77918424753868
56,"Cedar",2008,4.58355795148248
56,"Cedar",2009,4.24155193992491
56,"Cedar",2010,3.84726867335563
56,"Cedar",2011,3.78048780487805
56,"Cedar",2012,3.60774058577406
56,"Cedar",2013,3.43051201671891
56,"Cedar",2014,3.53311617806732
56,"Cedar",2015,3.67016317016317
56,"Cedar",2016,3.54719101123596
56,"Cedar",2017,3.86691542288557
56,"Cedar",2018,3.45558086560364
56,"Cedar",2019,3.35326688815061
56,"Cedar",2020,3.17377398720682
56,"Cedar",2021,3.43478260869565
56,"Cedar",2022,3.1091658084449
57,"Harrison",2001,3.66778523489933
57,"Harrison",2002,3.39327024185068
57,"Harrison",2003,3.1936127744511
57,"Harrison",2004,2.98387096774194
57,"Harrison",2005,3.02478551000953
57,"Harrison",2006,3.06144697720515
57,"Harrison",2007,3.22175732217573
57,"Harrison",2008,3.08452138492872
57,"Harrison",2009,3.05948717948718
57,"Harrison",2010,2.957
57,"Harrison",2011,2.98146240988671
57,"Harrison",2012,2.82416502946955
57,"Harrison",2013,2.73903966597077
57,"Harrison",2014,2.65888324873096
57,"Harrison",2015,2.9020902090209
57,"Harrison",2016,2.87320837927233
57,"Harrison",2017,2.94874715261959
57,"Harrison",2018,2.52758274824473
57,"Harrison",2019,2.62591431556949
57,"Harrison",2020,2.8930669800235
57,"Harrison",2021,2.85665529010239
57,"Harrison",2022,2.54757085020243
58,"Shelby",2001,3.53582089552239
58,"Shelby",2002,3.52205882352941
58,"Shelby",2003,3.53185185185185
58,"Shelby",2004,1.12741935483871
58,"Shelby",2005,0.553191489361702
58,"Shelby",2006,3.89880952380952
58,"Shelby",2007,3.48056537102473
58,"Shelby",2008,3.46302816901408
58,"Shelby",2009,0.537987679671458
58,"Shelby",2010,0.437931034482759
58,"Shelby",2011,0.458110516934046
58,"Shelby",2012,0.387788778877888
58,"Shelby",2013,0.408348457350272
58,"Shelby",2014,3.01298701298701
58,"Shelby",2015,3.12060301507538
58,"Shelby",2016,3.07413509060956
58,"Shelby",2017,2.94628751974724
58,"Shelby",2018,2.51219512195122
58,"Shelby",2019,2.6962962962963
58,"Shelby",2020,2.42032967032967
58,"Shelby",2021,2.58635703918723
58,"Shelby",2022,2.45280437756498
59,"Audubon",2001,3.82993197278912
59,"Audubon",2002,4.0410447761194
59,"Audubon",2003,3.68531468531469
59,"Audubon",2004,3.61090909090909
59,"Audubon",2005,3.17377049180328
59,"Audubon",2006,3.08469055374593
59,"Audubon",2007,3.29181494661922
59,"Audubon",2008,2.98322147651007
59,"Audubon",2009,2.98958333333333
59,"Audubon",2010,3.04494382022472
59,"Audubon",2011,2.75261324041812
59,"Audubon",2012,2.93774319066148
59,"Audubon",2013,2.768
59,"Audubon",2014,2.71212121212121
59,"Audubon",2015,2.734375
59,"Audubon",2016,2.47290640394089
59,"Audubon",2017,2.47474747474747
59,"Audubon",2018,2.2212389380531
59,"Audubon",2019,2.38139534883721
59,"Audubon",2020,2.58947368421053
59,"Audubon",2021,2.97687861271676
59,"Audubon",2022,2.50246305418719
60,"Guthrie",2001,3.68591549295775
60,"Guthrie",2002,3.32020330368488
60,"Guthrie",2003,3.12171837708831
60,"Guthrie",2004,3.1311084624553
60,"Guthrie",2005,3.31289111389237
60,"Guthrie",2006,3.18491484184915
60,"Guthrie",2007,3.11488862837046
60,"Guthrie",2008,3.15483119906868
60,"Guthrie",2009,2.84623773173392
60,"Guthrie",2010,2.7489539748954
60,"Guthrie",2011,2.47910592808552
60,"Guthrie",2012,2.70031545741325
60,"Guthrie",2013,2.5672131147541
60,"Guthrie",2014,2.53954496208017
60,"Guthrie",2015,2.63594470046083
60,"Guthrie",2016,2.74114774114774
60,"Guthrie",2017,2.75031055900621
60,"Guthrie",2018,2.51181102362205
60,"Guthrie",2019,2.39827771797632
60,"Guthrie",2020,2.46335963923337
60,"Guthrie",2021,2.72125
60,"Guthrie",2022,2.5249406175772
61,"Johnson",2001,5.92338530066815
61,"Johnson",2002,5.96965699208443
61,"Johnson",2003,5.30552291421857
61,"Johnson",2004,0.160014005602241
61,"Johnson",2005,0.160566298342541
61,"Johnson",2006,4.54770206022187
61,"Johnson",2007,4.1193988310604
61,"Johnson",2008,3.86238532110092
61,"Johnson",2009,0.128453708191953
61,"Johnson",2010,0.12576112412178
61,"Johnson",2011,0.124912770411724
61,"Johnson",2012,0.116110623353819
61,"Johnson",2013,0.0959843290891283
61,"Johnson",2014,3.33749257278669
61,"Johnson",2015,3.130442703589
61,"Johnson",2016,3.10651408450704
61,"Johnson",2017,3.1826178747361
61,"Johnson",2018,2.95137997432606
61,"Johnson",2019,2.94727730563425
61,"Johnson",2020,3.12421835389556
61,"Johnson",2021,2.95461658841941
61,"Johnson",2022,2.80511229314421
62,"Dallas",2001,5.55006337135615
62,"Dallas",2002,5.53438831405965
62,"Dallas",2003,5.23227917121047
62,"Dallas",2004,0.642210576464983
62,"Dallas",2005,0.678107606679035
62,"Dallas",2006,5.05337450374945
62,"Dallas",2007,4.86744560838034
62,"Dallas",2008,4.80945236309077
62,"Dallas",2009,0.542564102564103
62,"Dallas",2010,0.197781299524564
62,"Dallas",2011,0.194915254237288
62,"Dallas",2012,0.182203389830508
62,"Dallas",2013,0.184493491794001
62,"Dallas",2014,4.09760403530895
62,"Dallas",2015,4.28078078078078
62,"Dallas",2016,4.45774473358116
62,"Dallas",2017,4.64889660302504
62,"Dallas",2018,4.68616125150421
62,"Dallas",2019,4.82327790973872
62,"Dallas",2020,5.5863280194542
62,"Dallas",2021,5.56054737929254
62,"Dallas",2022,4.7723090092018
63,"Iowa",2001,5.01893287435456
63,"Iowa",2002,5.1678445229682
63,"Iowa",2003,5.04006968641115
63,"Iowa",2004,3.07129798903108
63,"Iowa",2005,2.77142857142857
63,"Iowa",2006,4.99293286219081
63,"Iowa",2007,4.42345276872964
63,"Iowa",2008,4.29552715654952
63,"Iowa",2009,2.17489421720733
63,"Iowa",2010,2.0259067357513
63,"Iowa",2011,1.83312577833126
63,"Iowa",2012,1.84774193548387
63,"Iowa",2013,1.80818053596615
63,"Iowa",2014,3.33884297520661
63,"Iowa",2015,3.53478260869565
63,"Iowa",2016,3.15531660692951
63,"Iowa",2017,3.24050632911392
63,"Iowa",2018,2.85106382978723
63,"Iowa",2019,3.20502645502645
63,"Iowa",2020,3.09570552147239
63,"Iowa",2021,3.32913165266106
63,"Iowa",2022,3.06976744186047
64,"Polk",2001,3.63152985074627
64,"Polk",2002,3.36931142579181
64,"Polk",2003,3.27555998531186
64,"Polk",2004,0
64,"Polk",2005,0
64,"Polk",2006,3.2456590370955
64,"Polk",2007,2.75908268946244
64,"Polk",2008,2.91745578760756
64,"Polk",2009,0
64,"Polk",2010,0
64,"Polk",2011,0
64,"Polk",2012,0
64,"Polk",2013,0
64,"Polk",2014,2.234404536862
64,"Polk",2015,2.20158352650751
64,"Polk",2016,2.19579383886256
64,"Polk",2017,2.13468771369957
64,"Polk",2018,2.07014457698862
64,"Polk",2019,2.09191662990737
64,"Polk",2020,2.17834189288335
64,"Polk",2021,2.12068818184408
64,"Polk",2022,2.08628844915895
65,"Poweshiek",2001,4.22841225626741
65,"Poweshiek",2002,4.30835734870317
65,"Poweshiek",2003,3.95520421607378
65,"Poweshiek",2004,1.52926525529265
65,"Poweshiek",2005,1.48157248157248
65,"Poweshiek",2006,3.71411042944785
65,"Poweshiek",2007,3.65272496831432
65,"Poweshiek",2008,3.60292326431181
65,"Poweshiek",2009,1.18201284796574
65,"Poweshiek",2010,1.07624633431085
65,"Poweshiek",2011,1.01449275362319
65,"Poweshiek",2012,1.08308605341246
65,"Poweshiek",2013,1.13020277481323
65,"Poweshiek",2014,2.89285714285714
65,"Poweshiek",2015,3.02272727272727
65,"Poweshiek",2016,3.08857808857809
65,"Poweshiek",2017,3.31605562579014
65,"Poweshiek",2018,2.7906976744186
65,"Poweshiek",2019,2.69018404907975
65,"Poweshiek",2020,2.96608187134503
65,"Poweshiek",2021,2.96702002355713
65,"Poweshiek",2022,2.99754901960784
66,"Jasper",2001,5.51663747810858
66,"Jasper",2002,4.87450357426529
66,"Jasper",2003,4.62166285278413
66,"Jasper",2004,1.75081116158339
66,"Jasper",2005,1.17232021709634
66,"Jasper",2006,3.58228605625374
66,"Jasper",2007,3.25877903835764
66,"Jasper",2008,3.07055214723926
66,"Jasper",2009,0.821480406386067
66,"Jasper",2010,0.788041053101294
66,"Jasper",2011,0.785386029411765
66,"Jasper",2012,0.746971736204576
66,"Jasper",2013,0.702714730752114
66,"Jasper",2014,2.41434262948207
66,"Jasper",2015,2.42259786476868
66,"Jasper",2016,2.46339245111414
66,"Jasper",2017,2.35109983079526
66,"Jasper",2018,2.23857662757784
66,"Jasper",2019,2.35178875638842
66,"Jasper",2020,2.6373786407767
66,"Jasper",2021,2.74785245073269
66,"Jasper",2022,2.35862966175195
67,"Scott",2001,3.53761898552614
67,"Scott",2002,3.09905984865856
67,"Scott",2003,2.95677994061366
67,"Scott",2004,0
67,"Scott",2005,0
67,"Scott",2006,2.69148936170213
67,"Scott",2007,2.69867615095831
67,"Scott",2008,2.64080896315989
67,"Scott",2009,0
67,"Scott",2010,0
67,"Scott",2011,0
67,"Scott",2012,0
67,"Scott",2013,0
67,"Scott",2014,2.53784897882706
67,"Scott",2015,2.17049701789264
67,"Scott",2016,2.16690510252742
67,"Scott",2017,2.31457320712885
67,"Scott",2018,2.2221768262788
67,"Scott",2019,2.47667825132614
67,"Scott",2020,2.46196557468073
67,"Scott",2021,2.63291264050483
67,"Scott",2022,2.60460539263924
68,"Muscatine",2001,3.50463392029657
68,"Muscatine",2002,3.43630573248408
68,"Muscatine",2003,3.04106180008295
68,"Muscatine",2004,0.35498320268757
68,"Muscatine",2005,0.329268292682927
68,"Muscatine",2006,2.90186190845617
68,"Muscatine",2007,2.52440255806126
68,"Muscatine",2008,2.48316443282118
68,"Muscatine",2009,0.239042675893887
68,"Muscatine",2010,0.24288256227758
68,"Muscatine",2011,0.23202614379085
68,"Muscatine",2012,0.219225634178905
68,"Muscatine",2013,0.215734649122807
68,"Muscatine",2014,1.9867146415721
68,"Muscatine",2015,2.02676258992806
68,"Muscatine",2016,2.05233918128655
68,"Muscatine",2017,1.94924284913068
68,"Muscatine",2018,1.98670135877421
68,"Muscatine",2019,2.1083850931677
68,"Muscatine",2020,2.10709718670077
68,"Muscatine",2021,2.06470028544244
68,"Muscatine",2022,2.00558832660664
69,"Pottawattamie",2001,3.51176590955596
69,"Pottawattamie",2002,3.00151543853002
69,"Pottawattamie",2003,2.78411952324996
69,"Pottawattamie",2004,0.642938404030554
69,"Pottawattamie",2005,0.576710899060683
69,"Pottawattamie",2006,2.36972238288028
69,"Pottawattamie",2007,2.28144388042865
69,"Pottawattamie",2008,2.24313397462707
69,"Pottawattamie",2009,0.48559134176555
69,"Pottawattamie",2010,0.481539465101109
69,"Pottawattamie",2011,0.443564115065822
69,"Pottawattamie",2012,0.467661051819468
69,"Pottawattamie",2013,0.502341920374707
69,"Pottawattamie",2014,2.40452301321867
69,"Pottawattamie",2015,2.0131421744325
69,"Pottawattamie",2016,1.89237108253215
69,"Pottawattamie",2017,2.20746705710103
69,"Pottawattamie",2018,2.45717082721488
69,"Pottawattamie",2019,1.94084579021336
69,"Pottawattamie",2020,1.85180124223602
69,"Pottawattamie",2021,1.88055908513342
69,"Pottawattamie",2022,2.07458100558659
70,"Cass",2001,3.38192771084337
70,"Cass",2002,3.11534154535274
70,"Cass",2003,2.98434004474273
70,"Cass",2004,1.20738327904452
70,"Cass",2005,1.10030395136778
70,"Cass",2006,2.80519480519481
70,"Cass",2007,2.80503833515882
70,"Cass",2008,2.62627291242363
70,"Cass",2009,0.987000928505107
70,"Cass",2010,0.978840846366145
70,"Cass",2011,0.910062333036509
70,"Cass",2012,1.080204778157
70,"Cass",2013,1.01583531274743
70,"Cass",2014,2.18335901386749
70,"Cass",2015,2.24050632911392
70,"Cass",2016,2.25707547169811
70,"Cass",2017,2.38230519480519
70,"Cass",2018,2.05441696113074
70,"Cass",2019,2.22906793048973
70,"Cass",2020,2.07976268951879
70,"Cass",2021,2.11788896504455
70,"Cass",2022,2.43068939955523
71,"Washington",2001,4.57477243172952
71,"Washington",2002,4.27757575757576
71,"Washington",2003,3.9031903190319
71,"Washington",2004,0.675257731958763
71,"Washington",2005,0.651296829971182
71,"Washington",2006,3.43367826904986
71,"Washington",2007,3.67219512195122
71,"Washington",2008,3.31473408892764
71,"Washington",2009,0.612698412698413
71,"Washington",2010,0.602707006369427
71,"Washington",2011,0.567505720823799
71,"Washington",2012,0.545652173913043
71,"Washington",2013,0.513636363636364
71,"Washington",2014,2.81754111198121
71,"Washington",2015,2.80367118914605
71,"Washington",2016,3.0531197301855
71,"Washington",2017,3.17422222222222
71,"Washington",2018,2.84392598551891
71,"Washington",2019,2.86418755052547
71,"Washington",2020,2.72173215717723
71,"Washington",2021,2.835
71,"Washington",2022,2.7609756097561
72,"Adair",2001,3.17962466487936
72,"Adair",2002,3.14209115281501
72,"Adair",2003,3.34870317002882
72,"Adair",2004,3.8458904109589
72,"Adair",2005,3.35451505016722
72,"Adair",2006,3.4192439862543
72,"Adair",2007,3.34265734265734
72,"Adair",2008,3.08116883116883
72,"Adair",2009,2.64080459770115
72,"Adair",2010,2.39267015706806
72,"Adair",2011,2.43967828418231
72,"Adair",2012,2.43342776203966
72,"Adair",2013,2.26086956521739
72,"Adair",2014,2.31444759206799
72,"Adair",2015,2.29428571428571
72,"Adair",2016,2.23529411764706
72,"Adair",2017,2
72,"Adair",2018,1.91240875912409
72,"Adair",2019,2.01587301587302
72,"Adair",2020,1.8560794044665
72,"Adair",2021,2.34640522875817
72,"Adair",2022,2.0195530726257
73,"Keokuk",2001,3.7427652733119
73,"Keokuk",2002,3.4969040247678
73,"Keokuk",2003,3.521875
73,"Keokuk",2004,3.53601340033501
73,"Keokuk",2005,3.23146747352496
73,"Keokuk",2006,3.49190938511327
73,"Keokuk",2007,4.07809523809524
73,"Keokuk",2008,3.47704918032787
73,"Keokuk",2009,3.07846153846154
73,"Keokuk",2010,2.8122332859175
73,"Keokuk",2011,2.90288315629742
73,"Keokuk",2012,3.05519480519481
73,"Keokuk",2013,2.98456260720412
73,"Keokuk",2014,3.2708719851577
73,"Keokuk",2015,3.35067437379576
73,"Keokuk",2016,3.46850393700787
73,"Keokuk",2017,3.55714285714286
73,"Keokuk",2018,3.2952380952381
73,"Keokuk",2019,2.43891402714932
73,"Keokuk",2020,2.58893871449925
73,"Keokuk",2021,2.71428571428571
73,"Keokuk",2022,2.55773955773956
74,"Warren",2001,6.99908256880734
74,"Warren",2002,6.53865546218487
74,"Warren",2003,6.3213716108453
74,"Warren",2004,0.826892109500805
74,"Warren",2005,0.706711409395973
74,"Warren",2006,5.45589182227946
74,"Warren",2007,5.40914709517923
74,"Warren",2008,5.01773455377574
74,"Warren",2009,0.565506653019447
74,"Warren",2010,0.505288461538462
74,"Warren",2011,0.469610843900306
74,"Warren",2012,0.4640605296343
74,"Warren",2013,0.438558402084238
74,"Warren",2014,4.0549889135255
74,"Warren",2015,3.82181069958848
74,"Warren",2016,3.97050021376657
74,"Warren",2017,4.83453237410072
74,"Warren",2018,3.53756382202772
74,"Warren",2019,3.77649325626204
74,"Warren",2020,4.231728288908
74,"Warren",2021,4.23341729638959
74,"Warren",2022,3.7955223880597
75,"Madison",2001,5.44692737430168
75,"Madison",2002,5.68292682926829
75,"Madison",2003,4.82343499197432
75,"Madison",2004,2.2391975308642
75,"Madison",2005,2.24450951683748
75,"Madison",2006,4.56865464632455
75,"Madison",2007,4.23214285714286
75,"Madison",2008,4.20332480818414
75,"Madison",2009,1.71081677704194
75,"Madison",2010,1.52673267326733
75,"Madison",2011,1.51251251251251
75,"Madison",2012,1.63559322033898
75,"Madison",2013,1.51851851851852
75,"Madison",2014,3.26652892561983
75,"Madison",2015,3.48210290827741
75,"Madison",2016,3.58147713950762
75,"Madison",2017,3.76799007444169
75,"Madison",2018,3.36043956043956
75,"Madison",2019,3.35274725274725
75,"Madison",2020,3.33183856502242
75,"Madison",2021,3.64531435349941
75,"Madison",2022,3.51228070175439
76,"Mahaska",2001,3.44948453608247
76,"Mahaska",2002,3.32577319587629
76,"Mahaska",2003,2.94359464627151
76,"Mahaska",2004,0.657894736842105
76,"Mahaska",2005,0.679584120982987
76,"Mahaska",2006,2.84244080145719
76,"Mahaska",2007,2.91944444444444
76,"Mahaska",2008,2.60047846889952
76,"Mahaska",2009,0.532027128862095
76,"Mahaska",2010,0.517543859649123
76,"Mahaska",2011,0.635454545454545
76,"Mahaska",2012,0.428049671292915
76,"Mahaska",2013,0.373304782298358
76,"Mahaska",2014,2.19709702062643
76,"Mahaska",2015,2.22647527910686
76,"Mahaska",2016,2.06213017751479
76,"Mahaska",2017,2.10616705698673
76,"Mahaska",2018,2.10760517799353
76,"Mahaska",2019,2.28070175438596
76,"Mahaska",2020,2.37209302325581
76,"Mahaska",2021,2.61020408163265
76,"Mahaska",2022,2.30665467625899
77,"Marion",2001,4.85679611650485
77,"Marion",2002,4.62236121970289
77,"Marion",2003,4.13851590106007
77,"Marion",2004,1.18488628026412
77,"Marion",2005,1.17524339360223
77,"Marion",2006,4.05280974949221
77,"Marion",2007,3.8761408083442
77,"Marion",2008,3.85
77,"Marion",2009,0.877950489349453
77,"Marion",2010,0.846629213483146
77,"Marion",2011,0.844036697247706
77,"Marion",2012,0.833902161547213
77,"Marion",2013,0.816486161251504
77,"Marion",2014,3.18181818181818
77,"Marion",2015,3.22446483180428
77,"Marion",2016,3.1301531213192
77,"Marion",2017,3.58732299393122
77,"Marion",2018,3.17717717717718
77,"Marion",2019,3.25814382298709
77,"Marion",2020,3.48655913978495
77,"Marion",2021,3.42310188189487
77,"Marion",2022,3.10825043885313
78,"Louisa",2001,2.98281092012133
78,"Louisa",2002,2.43532338308458
78,"Louisa",2003,2.38193343898574
78,"Louisa",2004,1.44461538461538
78,"Louisa",2005,2.19061801935964
78,"Louisa",2006,2.14949201741655
78,"Louisa",2007,2.13666421748714
78,"Louisa",2008,1.980631276901
78,"Louisa",2009,1.85442176870748
78,"Louisa",2010,1.80421885299934
78,"Louisa",2011,1.83496503496504
78,"Louisa",2012,1.9054355919583
78,"Louisa",2013,1.8360914105595
78,"Louisa",2014,1.89098360655738
78,"Louisa",2015,1.96974935177182
78,"Louisa",2016,2.09082397003745
78,"Louisa",2017,2.08157389635317
78,"Louisa",2018,2.09476801579467
78,"Louisa",2019,2.04612365063788
78,"Louisa",2020,2.1931696905016
78,"Louisa",2021,2.38744075829384
78,"Louisa",2022,2.16810344827586
79,"Mills",2001,3.74175824175824
79,"Mills",2002,3.51764705882353
79,"Mills",2003,3.39724310776942
79,"Mills",2004,0.839490445859873
79,"Mills",2005,0.850247524752475
79,"Mills",2006,3.08361581920904
79,"Mills",2007,3.15967365967366
79,"Mills",2008,2.90670859538784
79,"Mills",2009,0.61151832460733
79,"Mills",2010,0.54404646660213
79,"Mills",2011,0.542688910696762
79,"Mills",2012,0.520161290322581
79,"Mills",2013,0.505364806866953
79,"Mills",2014,2.73386183465459
79,"Mills",2015,2.86283704572098
79,"Mills",2016,2.67258601553829
79,"Mills",2017,2.65896589658966
79,"Mills",2018,2.59978768577495
79,"Mills",2019,2.67804323094426
79,"Mills",2020,2.5187969924812
79,"Mills",2021,2.9520202020202
79,"Mills",2022,2.56986899563319
80,"Montgomery",2001,3.01656626506024
80,"Montgomery",2002,2.94152046783626
80,"Montgomery",2003,2.73943661971831
80,"Montgomery",2004,0.955801104972376
80,"Montgomery",2005,0.911227154046997
80,"Montgomery",2006,2.34516523867809
80,"Montgomery",2007,2.37437185929648
80,"Montgomery",2008,2.29565217391304
80,"Montgomery",2009,0.749419953596288
80,"Montgomery",2010,0.691629955947137
80,"Montgomery",2011,0.65249734325186
80,"Montgomery",2012,0.601703940362087
80,"Montgomery",2013,0.596221959858323
80,"Montgomery",2014,1.89548693586698
80,"Montgomery",2015,1.88705882352941
80,"Montgomery",2016,1.85598141695703
80,"Montgomery",2017,1.84292565947242
80,"Montgomery",2018,1.71251409244645
80,"Montgomery",2019,1.82791817087846
80,"Montgomery",2020,2.02281879194631
80,"Montgomery",2021,1.94618272841051
80,"Montgomery",2022,1.85483870967742
81,"Adams",2001,3.15384615384615
81,"Adams",2002,2.77732793522267
81,"Adams",2003,2.95299145299145
81,"Adams",2004,2.67685589519651
81,"Adams",2005,2.64757709251101
81,"Adams",2006,2.28853754940711
81,"Adams",2007,2.38247011952191
81,"Adams",2008,2.5
81,"Adams",2009,2.4025974025974
81,"Adams",2010,2.09090909090909
81,"Adams",2011,2.06666666666667
81,"Adams",2012,2.18565400843882
81,"Adams",2013,2.04405286343612
81,"Adams",2014,2.08597285067873
81,"Adams",2015,2.09
81,"Adams",2016,2.06930693069307
81,"Adams",2017,2.19318181818182
81,"Adams",2018,1.94764397905759
81,"Adams",2019,2.23952095808383
81,"Adams",2020,2.39634146341463
81,"Adams",2021,2.85507246376812
81,"Adams",2022,2.30232558139535
82,"Henry",2001,3.95196506550218
82,"Henry",2002,3.9804347826087
82,"Henry",2003,3.63803680981595
82,"Henry",2004,1.36457357075914
82,"Henry",2005,1.28632846087704
82,"Henry",2006,2.99103504482478
82,"Henry",2007,2.83244478293983
82,"Henry",2008,2.60458452722063
82,"Henry",2009,1.00873069173942
82,"Henry",2010,0.949501246882793
82,"Henry",2011,0.986648865153538
82,"Henry",2012,0.961290322580645
82,"Henry",2013,0.919185282522996
82,"Henry",2014,2.27911646586345
82,"Henry",2015,2.30711354309166
82,"Henry",2016,2.26752021563342
82,"Henry",2017,2.28610354223433
82,"Henry",2018,2.04125615763547
82,"Henry",2019,2.06989924433249
82,"Henry",2020,2.07091737150293
82,"Henry",2021,2.1020942408377
82,"Henry",2022,2.12265415549598
83,"Jefferson",2001,3.93320235756385
83,"Jefferson",2002,4.07261410788382
83,"Jefferson",2003,3.65120593692022
83,"Jefferson",2004,0
83,"Jefferson",2005,0
83,"Jefferson",2006,2.68130311614731
83,"Jefferson",2007,2.79134466769706
83,"Jefferson",2008,2.94166666666667
83,"Jefferson",2009,0
83,"Jefferson",2010,0
83,"Jefferson",2011,0
83,"Jefferson",2012,0
83,"Jefferson",2013,0
83,"Jefferson",2014,2.14285714285714
83,"Jefferson",2015,2.41702741702742
83,"Jefferson",2016,2.41420118343195
83,"Jefferson",2017,2.19127988748242
83,"Jefferson",2018,1.94081381011097
83,"Jefferson",2019,2.19449901768173
83,"Jefferson",2020,2.22773722627737
83,"Jefferson",2021,2.42694063926941
83,"Jefferson",2022,2.26402640264026
84,"Union",2001,2.84180790960452
84,"Union",2002,2.63287671232877
84,"Union",2003,2.53876478318003
84,"Union",2004,0.543178973717146
84,"Union",2005,0.564779874213836
84,"Union",2006,2.3680981595092
84,"Union",2007,2.42614379084967
84,"Union",2008,2.47478474784748
84,"Union",2009,0.545871559633027
84,"Union",2010,0.506214689265537
84,"Union",2011,0.478488982161595
84,"Union",2012,0.514871794871795
84,"Union",2013,0.474257425742574
84,"Union",2014,1.86744639376218
84,"Union",2015,1.80645161290323
84,"Union",2016,1.82490272373541
84,"Union",2017,1.81346153846154
84,"Union",2018,1.64120781527531
84,"Union",2019,1.61683848797251
84,"Union",2020,1.81195756991321
84,"Union",2021,2.05855855855856
84,"Union",2022,1.86085150571132
85,"Wapello",2001,2.53570035115099
85,"Wapello",2002,2.28373579545455
85,"Wapello",2003,3.47482403898213
85,"Wapello",2004,0.524477918521054
85,"Wapello",2005,0.501664447403462
85,"Wapello",2006,2.10121991427629
85,"Wapello",2007,2.29499072356215
85,"Wapello",2008,2.12975543478261
85,"Wapello",2009,0.532447817836812
85,"Wapello",2010,0.44529262086514
85,"Wapello",2011,0.448762143528674
85,"Wapello",2012,0.442485306465155
85,"Wapello",2013,0.479140328697851
85,"Wapello",2014,1.87824415251522
85,"Wapello",2015,2.07649122807018
85,"Wapello",2016,2.19117647058824
85,"Wapello",2017,2.33488733488733
85,"Wapello",2018,2.00033090668432
85,"Wapello",2019,2.08973046741726
85,"Wapello",2020,4.29608938547486
85,"Wapello",2021,2.24531700288184
85,"Wapello",2022,2.1957490572506
86,"Clarke",2001,2.73282442748092
86,"Clarke",2002,2.64723032069971
86,"Clarke",2003,2.38700947225981
86,"Clarke",2004,0.486750348675035
86,"Clarke",2005,0.472222222222222
86,"Clarke",2006,2.39642324888227
86,"Clarke",2007,2.45777777777778
86,"Clarke",2008,2.34972677595628
86,"Clarke",2009,0.424129353233831
86,"Clarke",2010,0.421185372005044
86,"Clarke",2011,0.403055229142186
86,"Clarke",2012,0.376734258271078
86,"Clarke",2013,0.352878464818763
86,"Clarke",2014,1.74077976817703
86,"Clarke",2015,1.66467661691542
86,"Clarke",2016,1.72256728778468
86,"Clarke",2017,1.7778958554729
86,"Clarke",2018,1.79447513812155
86,"Clarke",2019,1.75831485587583
86,"Clarke",2020,2.00774193548387
86,"Clarke",2021,1.85315533980583
86,"Clarke",2022,1.81946072684642
87,"Lucas",2001,2.84239130434783
87,"Lucas",2002,2.70036101083033
87,"Lucas",2003,2.7347972972973
87,"Lucas",2004,0.219512195121951
87,"Lucas",2005,0.251177394034537
87,"Lucas",2006,2.46319018404908
87,"Lucas",2007,2.383502170767
87,"Lucas",2008,2.33586626139818
87,"Lucas",2009,0
87,"Lucas",2010,0
87,"Lucas",2011,0
87,"Lucas",2012,0
87,"Lucas",2013,0
87,"Lucas",2014,1.89645390070922
87,"Lucas",2015,1.90298507462687
87,"Lucas",2016,1.89712556732224
87,"Lucas",2017,1.88207547169811
87,"Lucas",2018,1.8
87,"Lucas",2019,1.74381368267831
87,"Lucas",2020,1.82874617737003
87,"Lucas",2021,1.77104874446086
87,"Lucas",2022,1.85779816513761
88,"Monroe",2001,2.93170731707317
88,"Monroe",2002,2.64079822616408
88,"Monroe",2003,3.37057220708447
88,"Monroe",2004,0
88,"Monroe",2005,0
88,"Monroe",2006,2.8019093078759
88,"Monroe",2007,3.01639344262295
88,"Monroe",2008,3.09210526315789
88,"Monroe",2009,0
88,"Monroe",2010,0
88,"Monroe",2011,0
88,"Monroe",2012,0
88,"Monroe",2013,0
88,"Monroe",2014,2.65227272727273
88,"Monroe",2015,2.54684095860566
88,"Monroe",2016,2.68337129840547
88,"Monroe",2017,2.72661870503597
88,"Monroe",2018,2.67370892018779
88,"Monroe",2019,2.48245614035088
88,"Monroe",2020,2.5812356979405
88,"Monroe",2021,2.86910994764398
88,"Monroe",2022,2.43478260869565
89,"Des Moines",2001,3.13138686131387
89,"Des Moines",2002,3.01605709188225
89,"Des Moines",2003,2.68681094324214
89,"Des Moines",2004,0.943117672600955
89,"Des Moines",2005,0.815605447184395
89,"Des Moines",2006,2.63896848137536
89,"Des Moines",2007,2.35183170112441
89,"Des Moines",2008,2.35501453488372
89,"Des Moines",2009,0.76629517055049
89,"Des Moines",2010,0.715894868585732
89,"Des Moines",2011,0.704280155642023
89,"Des Moines",2012,0.677053824362606
89,"Des Moines",2013,0.680131657690006
89,"Des Moines",2014,1.98315658140986
89,"Des Moines",2015,1.89878787878788
89,"Des Moines",2016,1.95700284539994
89,"Des Moines",2017,1.96817148424813
89,"Des Moines",2018,1.84062885326757
89,"Des Moines",2019,1.84396497811132
89,"Des Moines",2020,2.03036798856735
89,"Des Moines",2021,2.13313609467456
89,"Des Moines",2022,1.92842465753425
90,"Fremont",2001,2.87901701323251
90,"Fremont",2002,2.78378378378378
90,"Fremont",2003,2.60526315789474
90,"Fremont",2004,2.53480475382003
90,"Fremont",2005,2.28926905132193
90,"Fremont",2006,2.51269035532995
90,"Fremont",2007,2.55958549222798
90,"Fremont",2008,2.39388794567063
90,"Fremont",2009,2.4464609800363
90,"Fremont",2010,2.27022375215146
90,"Fremont",2011,2.22735042735043
90,"Fremont",2012,2.16666666666667
90,"Fremont",2013,2.05913978494624
90,"Fremont",2014,2.27380952380952
90,"Fremont",2015,2.37371663244353
90,"Fremont",2016,2.26458333333333
90,"Fremont",2017,2.39948453608247
90,"Fremont",2018,2.21077283372365
90,"Fremont",2019,2.16564417177914
90,"Fremont",2020,2.43089430894309
90,"Fremont",2021,2.25708061002179
90,"Fremont",2022,2.11405295315682
91,"Page",2001,3.5919395465995
91,"Page",2002,3.27261904761905
91,"Page",2003,2.83897435897436
91,"Page",2004,0.540950455005056
91,"Page",2005,0.575787401574803
91,"Page",2006,2.84435401831129
91,"Page",2007,2.86554621848739
91,"Page",2008,2.50686184812443
91,"Page",2009,0.396085740913327
91,"Page",2010,0.368374558303887
91,"Page",2011,0.38655462184874
91,"Page",2012,0.339333933393339
91,"Page",2013,1.21434977578475
91,"Page",2014,2.45217391304348
91,"Page",2015,2.32003626473255
91,"Page",2016,2.32097649186257
91,"Page",2017,2.35545454545455
91,"Page",2018,2.04475183075671
91,"Page",2019,2.03316749585406
91,"Page",2020,2.01986183074266
91,"Page",2021,2.16914498141264
91,"Page",2022,2.36565656565657
92,"Taylor",2001,2.55021834061135
92,"Taylor",2002,2.43388429752066
92,"Taylor",2003,2.49782608695652
92,"Taylor",2004,2.38761467889908
92,"Taylor",2005,2.56127450980392
92,"Taylor",2006,2.2579185520362
92,"Taylor",2007,2.26576576576577
92,"Taylor",2008,2.3046511627907
92,"Taylor",2009,2.0020325203252
92,"Taylor",2010,1.91143911439114
92,"Taylor",2011,1.91198501872659
92,"Taylor",2012,1.8968105065666
92,"Taylor",2013,1.91386554621849
92,"Taylor",2014,2.02207505518764
92,"Taylor",2015,1.9873417721519
92,"Taylor",2016,2.05466970387244
92,"Taylor",2017,2.2156862745098
92,"Taylor",2018,1.99782608695652
92,"Taylor",2019,2.06521739130435
92,"Taylor",2020,1.95876288659794
92,"Taylor",2021,2.16475972540046
92,"Taylor",2022,2.14285714285714
93,"Ringgold",2001,2.86440677966102
93,"Ringgold",2002,2.29618768328446
93,"Ringgold",2003,2.31845238095238
93,"Ringgold",2004,2.36936936936937
93,"Ringgold",2005,2.35802469135802
93,"Ringgold",2006,2.3558282208589
93,"Ringgold",2007,2.43167701863354
93,"Ringgold",2008,2.36746987951807
93,"Ringgold",2009,2.38253012048193
93,"Ringgold",2010,2.22448979591837
93,"Ringgold",2011,2.22571428571429
93,"Ringgold",2012,2.05989583333333
93,"Ringgold",2013,2.10818713450292
93,"Ringgold",2014,2.17159763313609
93,"Ringgold",2015,2.18100890207715
93,"Ringgold",2016,2.19584569732938
93,"Ringgold",2017,2.3125
93,"Ringgold",2018,2.44027303754266
93,"Ringgold",2019,1.99445983379501
93,"Ringgold",2020,1.84
93,"Ringgold",2021,2.56521739130435
93,"Ringgold",2022,2.1702786377709
94,"Van Buren",2001,3.13443396226415
94,"Van Buren",2002,3.0551724137931
94,"Van Buren",2003,2.96445497630332
94,"Van Buren",2004,2.86683417085427
94,"Van Buren",2005,2.99040767386091
94,"Van Buren",2006,2.86407766990291
94,"Van Buren",2007,2.67337807606264
94,"Van Buren",2008,2.78708133971292
94,"Van Buren",2009,2.32786885245902
94,"Van Buren",2010,2.10642570281124
94,"Van Buren",2011,2.06315789473684
94,"Van Buren",2012,2.01525054466231
94,"Van Buren",2013,1.87527839643653
94,"Van Buren",2014,2.23913043478261
94,"Van Buren",2015,1.94600938967136
94,"Van Buren",2016,1.95308641975309
94,"Van Buren",2017,2.05684754521964
94,"Van Buren",2018,2.05384615384615
94,"Van Buren",2019,1.9075
94,"Van Buren",2020,1.91979949874687
94,"Van Buren",2021,1.9875
94,"Van Buren",2022,1.73922413793103
95,"Davis",2001,3.29946524064171
95,"Davis",2002,3.26902173913043
95,"Davis",2003,3.19346733668342
95,"Davis",2004,0
95,"Davis",2005,0
95,"Davis",2006,3.02955665024631
95,"Davis",2007,3.06234413965087
95,"Davis",2008,2.98550724637681
95,"Davis",2009,0
95,"Davis",2010,0
95,"Davis",2011,0
95,"Davis",2012,0
95,"Davis",2013,0
95,"Davis",2014,2.53235908141962
95,"Davis",2015,2.68653421633554
95,"Davis",2016,2.29345794392523
95,"Davis",2017,2.05709342560554
95,"Davis",2018,1.94507269789984
95,"Davis",2019,1.88615384615385
95,"Davis",2020,1.97712418300654
95,"Davis",2021,2.20071684587814
95,"Davis",2022,2.24489795918367
96,"Decatur",2001,2.3479674796748
96,"Decatur",2002,2.01947148817802
96,"Decatur",2003,2.13414634146341
96,"Decatur",2004,2.25159914712154
96,"Decatur",2005,2.0722433460076
96,"Decatur",2006,2.21516393442623
96,"Decatur",2007,2.20858895705521
96,"Decatur",2008,2.04634581105169
96,"Decatur",2009,1.85594639865997
96,"Decatur",2010,1.67913669064748
96,"Decatur",2011,1.60869565217391
96,"Decatur",2012,1.6965620328849
96,"Decatur",2013,1.59242424242424
96,"Decatur",2014,1.65853658536585
96,"Decatur",2015,1.61722488038278
96,"Decatur",2016,1.66222961730449
96,"Decatur",2017,1.77532228360958
96,"Decatur",2018,1.69512195121951
96,"Decatur",2019,1.68118466898955
96,"Decatur",2020,1.615
96,"Decatur",2021,1.83738317757009
96,"Decatur",2022,1.54375
97,"Wayne",2001,2.32135306553911
97,"Wayne",2002,2.28952772073922
97,"Wayne",2003,2.28478260869565
97,"Wayne",2004,1.94679186228482
97,"Wayne",2005,2.00629921259843
97,"Wayne",2006,2.05714285714286
97,"Wayne",2007,2.12121212121212
97,"Wayne",2008,2.0801393728223
97,"Wayne",2009,2.01071428571429
97,"Wayne",2010,1.98363636363636
97,"Wayne",2011,1.83741258741259
97,"Wayne",2012,1.87279151943463
97,"Wayne",2013,1.89943074003795
97,"Wayne",2014,1.89402697495183
97,"Wayne",2015,1.81076388888889
97,"Wayne",2016,1.84
97,"Wayne",2017,1.93577981651376
97,"Wayne",2018,1.95505617977528
97,"Wayne",2019,1.89253187613843
97,"Wayne",2020,1.77019748653501
97,"Wayne",2021,1.8475499092559
97,"Wayne",2022,1.8354898336414
98,"Appanoose",2001,2.46071044133477
98,"Appanoose",2002,2.45345016429354
98,"Appanoose",2003,2.3728813559322
98,"Appanoose",2004,0.608267716535433
98,"Appanoose",2005,0.605476673427992
98,"Appanoose",2006,2.26198083067093
98,"Appanoose",2007,2.1689453125
98,"Appanoose",2008,2.20321931589537
98,"Appanoose",2009,0.608024691358025
98,"Appanoose",2010,0.65668449197861
98,"Appanoose",2011,0.64968152866242
98,"Appanoose",2012,0.625
98,"Appanoose",2013,0.668171557562077
98,"Appanoose",2014,2.13258426966292
98,"Appanoose",2015,2.11310190369541
98,"Appanoose",2016,1.8176527643065
98,"Appanoose",2017,1.79333333333333
98,"Appanoose",2018,1.61525278491859
98,"Appanoose",2019,1.89139344262295
98,"Appanoose",2020,1.92759706190976
98,"Appanoose",2021,1.93081081081081
98,"Appanoose",2022,2.02134831460674
99,"Lee",2001,2.63316582914573
99,"Lee",2002,2.52356020942408
99,"Lee",2003,2.37790697674419
99,"Lee",2004,0
99,"Lee",2005,0
99,"Lee",2006,2.26226101413134
99,"Lee",2007,2.35389326334208
99,"Lee",2008,2.11115490737091
99,"Lee",2009,0
99,"Lee",2010,0.438162544169611
99,"Lee",2011,0
99,"Lee",2012,0
99,"Lee",2013,0
99,"Lee",2014,1.88262195121951
99,"Lee",2015,2.09441316587267
99,"Lee",2016,2.09955947136564
99,"Lee",2017,1.86863905325444
99,"Lee",2018,1.85045616818723
99,"Lee",2019,1.84527559055118
99,"Lee",2020,1.89853896103896
99,"Lee",2021,1.8383473726434
99,"Lee",2022,1.90435139573071
